<?xml version="1.0" encoding="UTF-8" standalone="no"?>
<d:devices xmlns:d="http://schemas.android.com/sdk/devices/3" xmlns:xsi="http://www.w3.org/2001/XMLSchema-instance">
  <d:device>
    <d:name>GM Info 3 for Stock Android - 10" HD</d:name>
    <d:manufacturer>User</d:manufacturer>
    <d:meta/>
    <d:hardware>
      <d:screen>
        <d:screen-size>xlarge</d:screen-size>
        <d:diagonal-length>10.00</d:diagonal-length>
        <d:pixel-density>mdpi</d:pixel-density>
        <d:screen-ratio>long</d:screen-ratio>
        <d:dimensions>
          <d:x-dimension>1920</d:x-dimension>
          <d:y-dimension>882</d:y-dimension>
        </d:dimensions>
        <d:xdpi>211.29</d:xdpi>
        <d:ydpi>211.29</d:ydpi>
        <d:touch>
          <d:multitouch>jazz-hands</d:multitouch>
          <d:mechanism>finger</d:mechanism>
          <d:screen-type>capacitive</d:screen-type>
        </d:touch>
      </d:screen>
      <d:networking>
Bluetooth
Wifi
NFC</d:networking>
      <d:sensors>
Barometer
Compass
GPS
LightSensor</d:sensors>
      <d:mic>true</d:mic>
      <d:keyboard>nokeys</d:keyboard>
      <d:nav>nonav</d:nav>
      <d:ram unit="MiB">1536</d:ram>
      <d:buttons>hard</d:buttons>
      <d:internal-storage unit="GiB">
4</d:internal-storage>
      <d:removable-storage unit="TiB"/>
      <d:cpu>Generic CPU</d:cpu>
      <d:gpu>Generic GPU</d:gpu>
      <d:abi>
armeabi
armeabi-v7a
arm64-v8a
x86
x86_64
mips
mips64</d:abi>
      <d:dock/>
      <d:power-type>battery</d:power-type>
      <d:skin>_no_skin</d:skin>
    </d:hardware>
    <d:software>
      <d:api-level>-</d:api-level>
      <d:live-wallpaper-support>true</d:live-wallpaper-support>
      <d:bluetooth-profiles/>
      <d:gl-version>2.0</d:gl-version>
      <d:gl-extensions/>
      <d:status-bar>false</d:status-bar>
    </d:software>
    <d:state default="true" name="Landscape">
      <d:description>The device in landscape orientation</d:description>
      <d:screen-orientation>land</d:screen-orientation>
      <d:keyboard-state>keyssoft</d:keyboard-state>
      <d:nav-state>navhidden</d:nav-state>
    </d:state>
  </d:device>
  <d:device>
      <d:name>GM Info 3 for Stock Android - 8"</d:name>
      <d:manufacturer>General Motors</d:manufacturer>
      <d:meta/>
      <d:hardware>
          <d:screen>
              <d:screen-size>large</d:screen-size>
              <d:diagonal-length>6.50</d:diagonal-length>
              <d:pixel-density>mdpi</d:pixel-density>
              <d:screen-ratio>long</d:screen-ratio>
              <d:dimensions>
                  <d:x-dimension>800</d:x-dimension>
                  <d:y-dimension>434</d:y-dimension>
              </d:dimensions>
              <d:xdpi>140.02</d:xdpi>
              <d:ydpi>140.02</d:ydpi>
              <d:touch>
                  <d:multitouch>jazz-hands</d:multitouch>
                  <d:mechanism>finger</d:mechanism>
                  <d:screen-type>capacitive</d:screen-type>
              </d:touch>
          </d:screen>
          <d:networking>
              Bluetooth
              Wifi
              NFC</d:networking>
          <d:sensors>
              Barometer
              Compass
              GPS
              LightSensor</d:sensors>
          <d:mic>true</d:mic>
          <d:keyboard>nokeys</d:keyboard>
          <d:nav>nonav</d:nav>
          <d:ram unit="MiB">1536</d:ram>
          <d:buttons>hard</d:buttons>
          <d:internal-storage unit="GiB">
              4</d:internal-storage>
          <d:removable-storage unit="TiB"/>
          <d:cpu>Generic CPU</d:cpu>
          <d:gpu>Generic GPU</d:gpu>
          <d:abi>
              x86</d:abi>
          <d:dock/>
          <d:power-type>battery</d:power-type>
      </d:hardware>
      <d:software>
          <d:api-level>-</d:api-level>
          <d:live-wallpaper-support>true</d:live-wallpaper-support>
          <d:bluetooth-profiles/>
          <d:gl-version>2.0</d:gl-version>
          <d:gl-extensions/>
          <d:status-bar>false</d:status-bar>
      </d:software>
      <d:state default="true" name="Landscape">
          <d:description>The device in landscape orientation</d:description>
          <d:screen-orientation>land</d:screen-orientation>
          <d:keyboard-state>keyssoft</d:keyboard-state>
          <d:nav-state>navhidden</d:nav-state>
      </d:state>
  </d:device>
</d:devices>
